{"cameraMode":{"drawMode":0,"name":"Shaded","section":"Shading Mode"},"sceneLighting":true,"audioPlay":false,"sceneViewState":{"m_AlwaysRefresh":false,"showFog":true,"showSkybox":true,"showFlares":true,"showImageEffects":true,"showParticleSystems":true,"showVisualEffectGraphs":true,"m_FxEnabled":true},"in2DMode":false,"pivot":{"x":1.9258923530578614,"y":3.0027968883514406,"z":23.481632232666017},"rotation":{"x":0.004687109962105751,"y":0.9932358264923096,"z":-0.10768839716911316,"w":0.043233152478933337},"size":10.380184173583985,"orthographic":true}